<?xml version="1.0" encoding="utf-8"?>
<selector xmlns:android="http://schemas.android.com/apk/res/android">

    <item android:state_pressed="true">
        <shape android:shape="oval">
            <solid android:color="@color/dialpad_button_pressed" />
            <stroke android:width="1px" android:color="@color/dialpad_secondary_text_color" />
        </shape>
    </item>

    <item>
        <shape android:shape="oval">
            <solid android:color="@color/dialpad_button_default" />
        </shape>
    </item>
</selector>
